{
  "venom.tentacle": {
    "sounds": [
      "venom/venom_tentacle"
    ],
    "category": "player"
  },
  "venom.blast": {
    "sounds": [
      "venom/venom_blast"
    ],
    "category": "player"
  },
  "venom.shard": {
    "sounds": [
      "venom/symbiote_shard"
    ],
    "category": "player"
  },
  "lightsaber.ignite": {
    "sounds": [
      "lightsaber/lightsaber_ignite1",
      "lightsaber/lightsaber_ignite2"
    ],
    "category": "player"
  },
  "lightsaber.swing": {
    "sounds": [
      "lightsaber/lightsaber_swing1",
      "lightsaber/lightsaber_swing2",
      "lightsaber/lightsaber_swing3"
    ],
    "category": "player"
  },
  "lightsaber.off": {
    "sounds": [
      "lightsaber/lightsaber_off"
    ],
    "category": "player"
  },
  "vader.breath": {
    "sounds": [
      "vader/vader_breath"
    ],
    "category": "player"
  },
  "vader.forcejump": {
    "sounds": [
      "vader/forcejump"
    ],
    "category": "player"
  },
  "castlevania_dracula.trueform": {
    "sounds": [
      "castlevania_dracula/trueform"
    ],
    "category": "player"
  },
  "castlevania_dracula.teleport": {
    "sounds": [
      "castlevania_dracula/teleport"
    ],
    "category": "player"
  },
  "vader.breath.dmg": {
    "sounds": [
      "vader/vader_breath_damaged"
    ],
    "category": "player"
  },
  "ironman.mark1.mask.open": {
    "sounds": [
      "ironman/mark1_mask_open"
    ],
    "category": "player"
  },
  "ironman.mark1.mask.close": {
    "sounds": [
      "ironman/mark1_mask_close"
    ],
    "category": "player"
  },
  "ironman.machinegun": {
    "sounds": [
      "ironman/machinegun"
    ],
    "category": "player"
  },
  "antman.mask.open": {
    "sounds": [
      "antman/mask_open"
    ],
    "category": "player"
  },
  "antman.mask.close": {
    "sounds": [
      "antman/mask_close"
    ],
    "category": "player"
  },
  "speedster.wind": {
    "sounds": [
      "speedster/arm_vortex"
    ],
    "category": "player"
  },
  "speedster.vibrating": {
    "sounds": [
      "speedster/vibrating"
    ],
    "category": "player"
  },
  "misc.click": {
    "sounds": [
      "misc/click"
    ],
    "category": "player"
  },
  "misc.hellothere": {
    "sounds": [
      "misc/hellothere"
    ],
    "category": "player"
  },
  "misc.lenseshut": {
    "sounds": [
      "misc/lense_shut"
    ],
    "category": "player"
  },
  "blackpanther.suit.up": {
    "sounds": [
      "blackpanther/suit_up"
    ],
    "category": "player"
  },
  "blackpanther.suit.off": {
    "sounds": [
      "blackpanther/suit_off"
    ],
    "category": "player"
  },
  "godzilla.roar": {
    "sounds": [
      "godzilla/godzillaroar1",
      "godzilla/godzillaroar2",
      "godzilla/godzillaroar3",
      "godzilla/godzillaroar4" 
    ],
    "category": "player"
  },
  "godzilla.breath": {
    "sounds": [
      "godzilla/atomicbreath"
    ],
    "category": "player"
  },
  "mechagodzilla.step": {
    "sounds": [
      "mechagodzilla/step1",
      "mechagodzilla/step2"
    ],
    "category": "player"
  },
  "mechagodzilla.cannon": {
    "sounds": [
      "mechagodzilla/zero_cannon"
    ],
    "category": "player"
  },
  "mechagodzilla.maser_cannon": {
    "sounds": [
      "mechagodzilla/maser_cannon"
    ],
    "category": "player"
  },
  "shazam.electricity": {
    "sounds": [
      "shazam/electricity"
    ],
    "category": "player"
  },
  "superman.cold_breath": {
    "sounds": [
      "superman/cold_breath"
    ],
    "category": "player"
  },
  "flash.running": {
    "sounds": [
      "speedster/flash_running"
    ],
    "category": "player"
  },
  "spiderman.waldoes.on": {
    "sounds": [
      "spider_man/waldoes_on"
    ],
    "category": "player"
  },
  "spiderman.waldoes.off": {
    "sounds": [
      "spider_man/waldoes_off"
    ],
    "category": "player"
  },
  "daredevil.swing": {
    "sounds": [
      "daredevil/swing1",
      "daredevil/swing2"
    ],
    "category": "player"
  },
  "shocker.gauntlet.on": {
    "sounds": [
      "shocker/gauntlet_on"
    ],
    "category": "player"
  },
  "shocker.gauntlet.off": {
    "sounds": [
      "shocker/gauntlet_off"
    ],
    "category": "player"
  },
  "shocker.punch": {
    "sounds": [
      "shocker/punch",
      "shocker/punch2"
    ],
    "category": "player"
  },
  "shocker.leap": {
    "sounds": [
      "shocker/leap"
    ],
    "category": "player"
  },
  "shocker.blast" : {
    "sounds": [
      "shocker/gauntlet_blast"
    ],
    "category": "player"
  },
  "shocker.beam.charge": {
    "sounds": [
      "shocker/shocker_charge",
      "shocker/shocker_charge2"
    ],
    "category": "player"
  },
  "shocker.beam.start": {
    "sounds": [
      "shocker/shocker_beam_start"
    ],
    "category": "player"
  },
  "shocker.shield": {
    "sounds": [
      "shocker/shield"
    ],
    "category": "player"
  },
  "shocker.beam.stop": {
    "sounds": [
      "shocker/shocker_beam_stop"
    ],
    "category": "player"
  }
}